tracedir, tracefile, reid_rate, -, TP-TV_syn, TP-MSE_syn, TP-JS_syn, TP-TV_tra, TP-MSE_tra, TP-JS_tra, TP-TV_uni, TP-MSE_uni, TP-JS_uni, -, TP-TV-Top50_syn, TP-MSE-Top50_syn, TP-JS-Top50_syn, TP-TV-Top50_tra, TP-MSE-Top50_tra, TP-JS-Top50_tra, TP-TV-Top50_uni, TP-MSE-Top50_uni, TP-JS-Top50_uni, -, VF-TV_syn, VF-TV_tra, VF-TV_uni, -, TM-EMD-Y_syn, TM-EMD-X_syn, TM-EMD-Y_tra, TM-EMD-X_tra, TM-EMD-Y_uni, TM-EMD-X_uni, -, CP-TV_syn, CP-MSE_syn, CP-JS_syn, CP-TV_uni, CP-MSE_uni, CP-JS_uni
PPMTF_NY_alp200_mnt100_mnv100,syntraces_Itr100.csv,0,-,0.4875647997166023,0.005659516591822763,0.21194782859023906,0.2644606600951805,0.0023125401544698606,0.09850812231516508,0.5611817832189211,0.010831302134548271,0.26790501789620624,-,0.1440118780662226,0.0045722874671804475,0.05216063712228921,0.07486321883238607,0.0015630989553937012,0.026235536304011344,0.2101253175630187,0.010154947913264609,0.1048721228992278,-,0.44423346313484763,0.2834032292625449,0.7319063900155681,-,0.6615608547315804,0.5898728736536089,0.6798143088696585,0.5870448610432174,2.0697579249416864,1.8467159583947024,-,0.2612919779639272,0.0035080187281157265,0.07201952470759772,0.4753599589984997,0.007776392948889401,0.1702342954227733,-
