tracedir, tracefile, reid_rate, -, TP-TV_syn, TP-MSE_syn, TP-JS_syn, TP-TV_tra, TP-MSE_tra, TP-JS_tra, TP-TV_uni, TP-MSE_uni, TP-JS_uni, -, TP-TV-Top50_syn, TP-MSE-Top50_syn, TP-JS-Top50_syn, TP-TV-Top50_tra, TP-MSE-Top50_tra, TP-JS-Top50_tra, TP-TV-Top50_uni, TP-MSE-Top50_uni, TP-JS-Top50_uni, -, VF-TV_syn, VF-TV_tra, VF-TV_uni, -, TM-EMD-Y_syn, TM-EMD-X_syn, TM-EMD-Y_tra, TM-EMD-X_tra, TM-EMD-Y_uni, TM-EMD-X_uni, -, CP-TV_syn, CP-MSE_syn, CP-JS_syn, CP-TV_uni, CP-MSE_uni, CP-JS_uni
PPMTF_TK_alp200_mnt100_mnv100,syntraces_Itr100.csv,0,-,0.4223496965203892,0.004356852877277189,0.16556385387699482,0.29783397296131003,0.0023270839274647384,0.11138919188055041,0.5671163502212057,0.007886223827924116,0.255800963342898,-,0.1355916192312253,0.0036698798205706627,0.04533341283345571,0.08169121373323364,0.0013312408979176023,0.02730749233200741,0.20072468314960337,0.007137232803198324,0.09859202343001311,-,0.29360858690015434,0.16223872159486383,0.4220509045052678,-,1.6012868151382897,1.6532683421462364,1.4415600486596716,1.4768544757524826,3.032569357212601,2.7459233151696107,-,0.2866540528631256,0.003435629469322319,0.06275508730984111,0.5210371640085457,0.011851171385175094,0.20827154963494673,-
