tracedir, tracefile, reid_rate, -, TP-TV_syn, TP-MSE_syn, TP-JS_syn, TP-TV_tra, TP-MSE_tra, TP-JS_tra, TP-TV_uni, TP-MSE_uni, TP-JS_uni, -, TP-TV-Top50_syn, TP-MSE-Top50_syn, TP-JS-Top50_syn, TP-TV-Top50_tra, TP-MSE-Top50_tra, TP-JS-Top50_tra, TP-TV-Top50_uni, TP-MSE-Top50_uni, TP-JS-Top50_uni, -, VF-TV_syn, VF-TV_tra, VF-TV_uni, -, TM-EMD-Y_syn, TM-EMD-X_syn, TM-EMD-Y_tra, TM-EMD-X_tra, TM-EMD-Y_uni, TM-EMD-X_uni, -, CP-TV_syn, CP-MSE_syn, CP-JS_syn, CP-TV_uni, CP-MSE_uni, CP-JS_uni
SGD_KL,syntraces_cn0.csv,0,-,0.4488858298916007,0.0045876452675806595,0.1770191344957216,0.20240841968834988,0.0014091169219972992,0.05882951083727681,0.5580775568429588,0.007428693886431027,0.25460909784053215,-,0.14107187054598544,0.0035436566954348617,0.04795657085929533,0.05540314164517277,0.0010308181050351732,0.013537047292798969,0.2062560866774906,0.006726476351767765,0.10109807514448999,-,0.5256516976074557,0.17591009150578432,0.5676781246992446,-,2.384242494526853,3.2510039120958667,1.2518211091943166,1.572051288460008,3.3861552272641884,4.806553181145832,-,0.41345531367808125,0.005688141222345119,0.13496641661721714,0.5111547474682571,0.00919868475287233,0.21057922286133499,-
