tracedir, tracefile, reid_rate, -, TP-TV_syn, TP-MSE_syn, TP-JS_syn, TP-TV_tra, TP-MSE_tra, TP-JS_tra, TP-TV_uni, TP-MSE_uni, TP-JS_uni, -, TP-TV-Top50_syn, TP-MSE-Top50_syn, TP-JS-Top50_syn, TP-TV-Top50_tra, TP-MSE-Top50_tra, TP-JS-Top50_tra, TP-TV-Top50_uni, TP-MSE-Top50_uni, TP-JS-Top50_uni, -, VF-TV_syn, VF-TV_tra, VF-TV_uni, -, TM-EMD-Y_syn, TM-EMD-X_syn, TM-EMD-Y_tra, TM-EMD-X_tra, TM-EMD-Y_uni, TM-EMD-X_uni, -, CP-TV_syn, CP-MSE_syn, CP-JS_syn, CP-TV_uni, CP-MSE_uni, CP-JS_uni
PPMTF_SP_alp200_mnt100_mnv100,syntraces_Itr100.csv,0,-,0.4600006505125625,0.005103372082572152,0.19740300973371003,0.2623278716626738,0.0015557969268599394,0.08767376352832816,0.5560827225986263,0.009544014986937537,0.25718878270303663,-,0.13682921962740177,0.003747291531441781,0.05255858270303252,0.065850652868033,0.0007850131793210911,0.01692854840618356,0.19741893845874806,0.008824438810787393,0.09608145913253548,-,0.40591295966385993,0.31691085878444797,0.6750964255646119,-,0.751965920486188,1.0802379195468086,0.7527661602058763,0.9375089870592076,2.563818678891401,3.2434032856136867,-,0.25520315990837156,0.00727017586842354,0.06026960694595335,0.4560077453400289,0.005026095389519662,0.15984299960393167,-
