tracedir, tracefile, reid_rate, -, TP-TV_syn, TP-MSE_syn, TP-JS_syn, TP-TV_tra, TP-MSE_tra, TP-JS_tra, TP-TV_uni, TP-MSE_uni, TP-JS_uni, -, TP-TV-Top50_syn, TP-MSE-Top50_syn, TP-JS-Top50_syn, TP-TV-Top50_tra, TP-MSE-Top50_tra, TP-JS-Top50_tra, TP-TV-Top50_uni, TP-MSE-Top50_uni, TP-JS-Top50_uni, -, VF-TV_syn, VF-TV_tra, VF-TV_uni, -, TM-EMD-Y_syn, TM-EMD-X_syn, TM-EMD-Y_tra, TM-EMD-X_tra, TM-EMD-Y_uni, TM-EMD-X_uni, -, CP-TV_syn, CP-MSE_syn, CP-JS_syn, CP-TV_uni, CP-MSE_uni, CP-JS_uni
PPMTF_JK_alp200_mnt100_mnv100,syntraces_Itr100.csv,0,-,0.5181170430859264,0.0064437512426486375,0.22953149309876653,0.20532383900747506,0.0014442616429573034,0.06138749913154747,0.552405234354311,0.006185352262044024,0.24861069969034622,-,0.15178932600909537,0.003998472877044891,0.059689392444234046,0.05412753583152088,0.000995877028651345,0.011308020902267716,0.19584075539878895,0.005459137298168476,0.0937383290229909,-,0.32901700943096496,0.19609727693376006,0.689601506181461,-,1.3293993786513771,1.140560409110629,1.0931070249865926,1.0257628881493177,4.16870651286451,3.487240195608742,-,0.2856847800511299,0.006458999619696511,0.06797086273897743,0.4973053216303656,0.00870925491268968,0.1896066325454323,-
