tracedir, tracefile, reid_rate, -, TP-TV_syn, TP-MSE_syn, TP-JS_syn, TP-TV_tra, TP-MSE_tra, TP-JS_tra, TP-TV_uni, TP-MSE_uni, TP-JS_uni, -, TP-TV-Top50_syn, TP-MSE-Top50_syn, TP-JS-Top50_syn, TP-TV-Top50_tra, TP-MSE-Top50_tra, TP-JS-Top50_tra, TP-TV-Top50_uni, TP-MSE-Top50_uni, TP-JS-Top50_uni, -, VF-TV_syn, VF-TV_tra, VF-TV_uni, -, TM-EMD-Y_syn, TM-EMD-X_syn, TM-EMD-Y_tra, TM-EMD-X_tra, TM-EMD-Y_uni, TM-EMD-X_uni, -, CP-TV_syn, CP-MSE_syn, CP-JS_syn, CP-TV_uni, CP-MSE_uni, CP-JS_uni
SGD_JK,syntraces_cn0.csv,0,-,0.4607077158024269,0.004304832737210732,0.18416989319159757,0.20532383900747506,0.0014442616429573034,0.06138749913154747,0.552405234354311,0.006185352262044024,0.24861069969034622,-,0.13746053267275365,0.0033391927031154317,0.04800253017764711,0.05412753583152088,0.000995877028651345,0.011308020902267716,0.19584075539878895,0.005459137298168476,0.0937383290229909,-,0.6205080486869621,0.19609727693376006,0.689601506181461,-,2.919476290267195,2.515361481684098,1.0931070249865926,1.0257628881493177,4.16870651286451,3.487240195608742,-,0.4002869769421859,0.006031362008048185,0.1169804947845474,0.4973053216303656,0.00870925491268968,0.1896066325454323,-
