tracedir, tracefile, reid_rate, -, TP-TV_syn, TP-MSE_syn, TP-JS_syn, TP-TV_tra, TP-MSE_tra, TP-JS_tra, TP-TV_uni, TP-MSE_uni, TP-JS_uni, -, TP-TV-Top50_syn, TP-MSE-Top50_syn, TP-JS-Top50_syn, TP-TV-Top50_tra, TP-MSE-Top50_tra, TP-JS-Top50_tra, TP-TV-Top50_uni, TP-MSE-Top50_uni, TP-JS-Top50_uni, -, VF-TV_syn, VF-TV_tra, VF-TV_uni, -, TM-EMD-Y_syn, TM-EMD-X_syn, TM-EMD-Y_tra, TM-EMD-X_tra, TM-EMD-Y_uni, TM-EMD-X_uni, -, CP-TV_syn, CP-MSE_syn, CP-JS_syn, CP-TV_uni, CP-MSE_uni, CP-JS_uni
SGD_IS,syntraces_cn0.csv,0,-,0.2917742868377643,0.00461955040666405,0.08270882231521355,0.08859901938035973,0.00018890494167875347,0.013956117011978493,0.5375473536457849,0.009509097271453713,0.23289470782610774,-,0.09615439140404847,0.004104494862087477,0.02205963912232023,0.021998390669408823,0.00012256572283358838,0.0015192727711432895,0.20483267097641822,0.008903567906892335,0.10035288204944659,-,0.476348296816156,0.0870208833337428,0.5595371908988686,-,0.9692183672990148,0.9339306574879057,0.6281731907904913,0.4720033113428443,2.204123400981823,2.4292584680856373,-,0.42653512026884804,0.006196075731819426,0.13008343559926022,0.5270890554532169,0.009115112680298295,0.2035768614537017,-
