tracedir, tracefile, reid_rate, MIA_acc, MIA_adv, -, TP-TV_syn, TP-TV_tra, TP-TV_uni, -, TP-TV-Top50_syn, TP-TV-Top50_tra, TP-TV-Top50_uni, -, VF-TV_syn, VF-TV_tra, VF-TV_uni, -, TM-EMD-Y_syn, TM-EMD-X_syn, TM-EMD-Y_tra, TM-EMD-X_tra, TM-EMD-Y_uni, TM-EMD-X_uni
PPMTF_TK_alp200_mnt100_mnv100,syntraces_Itr100.csv,0.016,0.5115,0.02299999999999991,-,0.42735999999999147,0.38553333333332435,0.5349333333333691,-,0.12860333333333124,0.11503333333333114,0.1944999999999986,-,-,-,-,-,1.8326085319619456,1.8325168819495439,0.589243225052185,0.6266992400795427,6.267082754793235,6.255796163224115
